ward,target_pct_vunerable
00A93O0,15.814
01V40KO,33.34863
01ZHVW0,4.9862714
028YQJX,2.1959126
02G8W11,0.14151356
03RU77Q,17.331207
0935C30,18.349028
0DCE4FB,16.639994
0DUEHMX,1.9181744
0FTXTHP,1.4098723
0FXECHK,4.2974186
0HCX91F,2.5706775
0IKGARI,0.73951614
0JRGKQ4,8.712246
0KTSEXR,0.89273834
0M6MX2A,2.874024
0P8S06V,41.77861
0PBSOBF,8.351763
0PNJX5M,0.27850914
0RA7XHK,-0.5303625
0S7C4DH,1.4935672
0TRP3ER,37.911057
0US7N2T,30.427654
0WS5BT8,41.35038
0XABPKH,31.607004
0XE31PI,15.403017
0Y0V3J8,18.616951
0YPOXHL,23.307386
0ZFUG7F,12.678455
105NU2D,38.87072
10OB8IW,-0.9106641
14EYJ6K,36.645073
151LFIB,4.923497
17FACUG,9.032663
18M5SKB,12.1955805
1B4JFVL,40.893238
1BF4WMH,0.08640966
1BIEG1U,4.450654
1C2TVDR,33.479313
1C48ZJ2,25.90475
1CMO0Y4,0.08288157
1CUTFTD,39.109844
1DNN5IJ,31.739788
1FG5H0O,39.30327
1IOYQOT,42.307995
1JBNE5I,0.45070672
1LGRAYJ,13.673772
1O20G6P,0.07717171
1PD72TN,30.991446
1Q75HEP,0.4025808
1RW5NMZ,-0.17742574
1SZBSWT,0.045986712
1U5BC3L,2.6210089
1WAZ8Q0,1.7299039
1YE6439,-0.12948209
1YIF2RN,0.16682488
215TAPC,4.6268897
22DG8AR,37.72066
233CS64,27.516346
24JY8CX,30.516825
24OX2ZO,36.949436
24WYRNI,44.05639
257YM8M,7.938628
26I3DN0,0.10091698
26RDOIK,34.40541
2861T51,25.363235
28FV4CA,2.2929115
28XXOHY,13.112537
2B8E3IA,36.633038
2BFC9MJ,1.625295
2D2Z50D,1.8937073
2DF76GS,29.29157
2EEDA3F,30.215923
2FO0WKT,31.366888
2H6Z1TB,35.773426
2IZ2FOA,35.076275
2KJIQI4,0.7037116
2L6Z5NV,7.15403
2LDKL4U,25.911123
2MDACB3,4.355648
2MQD51O,0.9579176
2OAIZ4C,38.813416
2OU52SS,32.922245
2QKDSRB,1.2680182
2R2BYQK,0.66825974
2RFLYH2,0.49117562
2SNGXJS,11.288961
2SZ6BB2,35.77745
2U3Z9GM,0.3873053
2VQN76H,2.4384775
2WJG38Y,-0.02524048
2WN9P3F,22.47648
2WNNN6R,41.17628
2ZDX7JP,11.837303
2ZJX6E6,23.733774
3369B4X,1.9294119
33AU2EF,7.3467484
34HQTD8,3.9952195
34JHI35,0.13101867
37HAXAE,0.35655767
38QC76K,20.518688
3ARUZR4,1.2576011
3C8W5V6,2.099927
3CAYCPX,6.169525
3CI0CKX,3.8834722
3D0HQS7,0.25545388
3EA16E7,0.5643435
3EHDLM2,5.4395156
3EXPKHN,-0.35961515
3F2D9F0,42.623795
3F9T39K,30.830769
3G0G6A3,5.4680004
3HJ2SJ7,0.3606019
3IMSK3F,16.847755
3IO8T7J,0.73904014
3K1QDO6,28.294323
3PSGNSV,24.994705
3PUBSAF,38.096924
3Q1BEBW,33.67833
3RCTMF2,12.363627
3RL23LD,3.2469127
3VGPDZ5,41.28043
3W7QZ5P,28.407938
3XCKC70,1.0301979
3Y7OY4T,5.6131444
3Z7B62W,26.114565
40LFOGC,44.474827
40PHH7U,9.3990965
42DZQJA,3.436356
45AI1QH,10.852988
47ICDLY,-0.03906566
47XV4P3,25.348207
485MJWX,1.8836108
49HVKTG,-0.11964965
49ZGNCJ,2.5176594
49ZNW7E,3.799341
4D6H3V3,8.056219
4DARAWK,36.98464
4DBURYH,-0.06533116
4IJL6PQ,0.7655083
4K01HCW,-0.023569942
4KVOUFG,-0.4160499
4MUT93Q,0.41683015
4OMEQQM,2.7598424
4OU1J1Z,-0.044782043
4QIL7U4,6.5672326
4RFNZ3K,3.0345597
4RGXG6V,30.215515
4SSME9C,24.45395
4SXBIRR,9.882942
4TAUY40,30.882696
4ULD0F5,24.61393
4UUST6G,2.4274302
4W49QH5,18.755474
4W9H5MR,35.75071
4ZOI3KZ,16.746553
50JGUDC,3.524456
51J42OG,16.603941
52P1YPZ,2.5225484
5404OVK,2.9705193
54ILT9A,1.3227057
54VKXXW,3.358766
56AJT4M,25.00197
58DQFW2,3.8544917
59A2WAI,2.5633311
59W1R31,0.36904907
5CGFJF4,0.2639882
5EI2I07,40.627235
5ELWVGE,6.1512566
5F2CTMZ,0.46210733
5HVS35S,37.926926
5JE13GA,42.327526
5K5GJFJ,2.4231932
5KKOYMO,36.2113
5L3M523,-0.6242057
5LVF7CU,2.575915
5MM3YQB,2.9744172
5N0URLB,4.9703903
5N6EZ1S,36.31024
5S3ELYF,18.820536
5TBBZQV,41.165485
5WGC8R7,12.271691
5WN9VZF,6.271618
5Y31GRR,40.737404
5YAG9SP,-0.0067815185
62E22PQ,0.92438936
652X54R,25.661253
65VFJHC,-0.41441792
678EWN0,37.18521
683T0RS,3.6571155
6AFF1OZ,30.691107
6C3151N,-0.43152338
6D2WD86,0.6429877
6D96UPF,4.9356785
6EY3N45,0.004458189
6F42S01,1.0209608
6H5XB06,3.2572434
6HBMUQ1,35.98191
6HR8849,4.7756915
6I2ADVC,0.4165227
6KA2MF9,27.017557
6NY6KYD,0.5021515
6O6VZL4,4.1594744
6OC1RD0,19.424671
6PSLJ54,31.41548
6QNQRT1,0.8601843
6RGO7XW,-0.2998349
6S3AVBJ,5.6329
6W07TP6,11.009877
6WIZX7C,32.609764
6WKWAXF,25.281046
6WRMCTV,1.994224
6XO9WKJ,2.792815
6Z0AG00,-0.27919477
6ZX6KZY,26.381897
70QTSOC,29.061697
70QWCQN,2.5577989
70TT5RG,33.084805
722FB2E,2.2523015
727BLLN,0.11173129
72N4VXM,39.231094
72QMGGF,27.813705
7376KM2,40.67315
74ZW69I,27.77448
75INALX,41.807014
7674G9Z,13.318831
76PGI5C,2.5951734
76XL1DS,11.801636
7871DQY,-0.21829635
78NCRDD,40.638966
7B9PJ46,41.548134
7BA3P7L,5.993488
7BGQBZS,38.822388
7CESXKA,2.643285
7EYP4G0,3.5229619
7G31XF6,21.794195
7H1DT0M,0.012861222
7H26K3P,26.830128
7HJI3YZ,4.627763
7HS8XBV,9.733247
7J63FDQ,0.5292885
7KMO5P0,27.84603
7KW3SI1,0.8666706
7LF7KJA,26.924053
7LP4WWS,1.4360442
7LR536E,41.29482
7O4GI7N,5.1877956
7O5642F,44.130013
7OGTH2F,0.6236652
7OPTXE8,1.1589742
7QEL4LH,3.799381
7TCN6IW,0.18083346
7V98R2Q,3.386226
7Y2MHA7,-0.26671904
7YI3CHO,1.6573774
7YL7D6W,13.817829
7Z6YOV0,3.0889583
7ZGJQ2R,2.4552917
80PSDM6,0.1565634
80YBLWC,34.12789
82JCYHJ,2.747291
83TRY6G,2.1203675
88NI79C,2.0492206
8CO88MA,17.221302
8F9XEV0,1.961132
8H1ZG4F,1.064505
8H7C2ZL,23.622871
8J4DMMT,3.0103
8JAW9CN,0.16828781
8JIS8H6,14.673678
8LYR33E,38.321503
8M6KSB8,34.17537
8PIZIXD,9.31848
8Q4ZXKO,4.021331
8RZT1QY,20.298141
8TZ31BD,2.7633536
8U22RRT,1.0188754
8VMATWP,3.5993056
8W7VAH2,15.154626
8W9J3U3,4.0684395
8Z4XDBI,0.55119604
8ZSIWPM,35.43415
91KR9VT,29.07126
933QAGH,0.34093875
95NNRDB,3.3159852
96MA3AF,28.190186
97CLVP8,28.76714
98S7F3M,28.352207
99AOQGC,0.15112197
9AWIFKJ,27.61693
9BERHOH,1.5484576
9BFNNF9,5.3675213
9C9NGOA,3.2845433
9ECLL9Z,35.762398
9HS5M9Z,0.012613267
9HTBUN6,37.871796
9ISLQ60,3.9414284
9J02E7F,3.7464569
9L7B971,3.201046
9ONYDLE,1.0459538
9PDHCA1,37.390488
9PFP18S,2.7391808
9RF4OHB,32.566303
9RIXRTY,0.86888087
9T55WOP,39.888298
9TGSTW6,38.021267
9UNT4JY,17.347515
9YGQZWQ,2.301723
A1OF2EL,12.338782
A29CQ8L,16.759018
A5LQQ0D,3.7127492
A7J2YLO,36.756886
A8KQLUM,0.6727779
AB21C6W,24.04827
AERL2RY,15.615809
AEUUU5U,24.598745
AG7R283,1.7433126
AJCA5P8,1.3517573
AJFPZZZ,5.140519
AJSS5A1,19.034996
AKB182C,40.728596
ALDWH1X,2.4036171
AM4T8JY,2.8887942
AM5E92T,6.3537107
APPXPKB,1.1175256
AQFXYE9,29.20534
AS5JRV6,15.650044
ATKC6E1,0.5245747
ATRGY6V,1.4623935
AUCA4KA,29.592794
AVHWRWG,0.98096746
AWTEJT5,7.665068
AXMPXBT,7.1421165
AYSTXS1,2.2429905
AZ4NS9X,3.4477026
AZK6D4H,13.475684
B21VKS3,0.47249344
B2V9IKE,18.653479
B3NCMQS,8.24686
B6975OR,1.965309
B6KREXD,3.6849823
B8VHYMI,20.041042
BDM72I6,28.202366
BE7TGCB,42.338375
BEQU1O6,-0.11852366
BEZN5NA,13.179017
BI9LJ9F,4.1073303
BILX913,1.2345273
BJYZ72X,3.1674287
BJZYAU2,37.85019
BK5HDYT,0.329436
BKM3H10,28.902493
BOHWVWP,29.515461
BOTF02V,0.13065353
BPBJ33N,35.122063
BQKYO2C,1.3283408
BVMB1WZ,0.760479
BX0I0XW,4.8560715
BXZ5ECW,6.866286
C0J0F1P,0.44824857
C30U17K,0.73726964
C4CD8HR,0.69634336
C5R886J,38.074375
C8CSK7D,0.34362853
CAF3OAU,2.090931
CB1QAVX,26.884916
CDOQIA6,0.1117059
CEQ729A,29.770391
CF0FDBB,29.487442
CGZRMFT,0.12886539
CHGGEJ4,6.0575085
CI7SWQC,13.915751
CKSFQXT,1.6877868
CMDVTUQ,29.462513
CMEGM3B,2.6757348
CMVQOK5,4.888917
CNC6RMY,4.172338
CQDFDC9,41.318222
CR90ZYN,8.986945
CRA8AXR,29.689846
CRM7XGR,38.89449
CSJMN94,-0.25645113
CSQ8ONL,34.008152
CUA2D7G,0.088434756
CVYLZ5L,0.07358253
CXWW04U,6.309348
D4GH9YU,5.749753
D4KYOVL,1.1170409
D506X95,39.422558
D5RMK4N,39.94018
D6IG1OR,15.659849
DC8TVXY,1.2685876
DCNHKH1,5.685639
DCQAJD1,-0.1716963
DD34F1L,44.31888
DE427GM,5.171401
DEYZCCS,30.911877
DFTL7CQ,2.4612412
DHC5KRP,-0.6459502
DHEVN3I,40.876743
DHQ9UFQ,4.0043707
DK4DWMH,20.741524
DK7XROB,5.0366664
DLB3WRH,35.53759
DLG0XMA,28.956196
DLRMPO2,3.2884707
DMYKPR4,0.55166054
DPXRQX4,0.36715567
DT1A9E3,3.2476163
DTMHZ6T,26.344896
DUCAFUH,37.04395
DVTE2AN,44.58949
DXL30LA,40.3564
DXXUNY9,0.6065929
DY5YNRV,-0.032283664
E1FC68F,13.949179
E2ILHEI,0.30603504
E2MT71O,17.873217
E2O8E0S,3.6413567
E4ESNDQ,16.95039
E64E4F2,40.34087
E8WJ4D6,0.03263405
E9L6ARS,21.15071
E9VZB68,17.093262
EAX9J3P,3.6768923
EDRQNYR,0.21808028
EG65A2B,28.996027
EGZPSVI,0.6831426
EH228C3,40.30695
EHCONME,8.33488
EHQZ4Y4,27.19225
EIO9DRQ,26.072021
EJVC014,-0.26638538
EKDFDQ7,38.7152
EO8BCE9,0.06551543
EP486A2,0.49581325
EQO0H5O,39.973812
EQYUT34,2.274539
EU9U747,41.95391
EUCT2HM,-1.6187594
EWWBQKS,10.904106
F0XCLZ9,0.9667077
F2C382V,3.5909042
F4TDEO1,2.8417761
F4WT22B,13.965966
F4X93YN,41.064
F615LRG,6.0776753
F6IUZUE,8.919487
F8L4C24,6.782937
F97GO45,11.648267
FAJGHMF,1.2686849
FALCTGY,16.87785
FBCRMC6,26.09067
FBSIOFN,-0.50718176
FC5H2XI,3.4290216
FE4YE1C,2.8202882
FEGUXNF,36.89441
FG6RFSL,1.3824432
FH3L9HI,2.6015444
FL647DD,0.58196247
FL9EGRN,4.620565
FLUBYBI,38.456406
FMQPOZ2,0.4687341
FMVQMD6,14.027087
FO9ZIP1,37.602158
FP4US02,3.3590083
FQUA0G8,5.5792446
FRKT13D,0.49111667
FRYE2T3,42.905857
FSKQ43U,9.901398
FT4FYXF,-0.6678704
FT5NICP,3.0319788
FTFBY3X,2.6872714
FTIG3NA,4.233776
FUNSQ0P,13.766671
FUTQFXD,33.52347
FWL6RHB,2.5116582
FYGWYUA,5.430047
FYTPD4G,32.87371
FZYBHN0,26.71859
G1IGQ85,0.8964894
G2UPTB4,9.930395
G351CWK,0.37958324
G3WNH2P,9.635571
G4DSUVR,41.02739
G65EE2X,0.52719724
G6PSA7A,1.9087977
G7SVLIP,-0.3654731
G87ZFLI,37.546627
GAHA6EE,34.40227
GCJ2R0O,4.8981724
GCR9H4I,30.267498
GDESAIV,15.63339
GFA2A6P,-0.02913636
GHY7KTV,29.216185
GJOSYVF,-0.0132475495
GL8ZFZL,17.255936
GLPX4S2,3.3402085
GM4HYV5,18.244139
GNII8UH,0.6069627
GR09SH6,0.46953171
GRF7F86,1.8845342
GS0GUX3,26.763552
GSSEWG6,10.650825
GVK341T,11.500301
GXE9IT5,17.423199
GXFDASD,18.888966
GYP1U5X,0.2914474
GYZZQUR,5.6284394
H051PQS,1.4426038
H068AI4,24.872416
H0BQSMC,19.410025
H0CW9H7,29.757753
H2BBFBM,4.0827885
H2FHGXX,2.9173913
H5ZFFVP,3.196755
H6B0IBN,0.8541635
H84XHH0,0.6857159
H98LHW6,13.689414
HAICAXI,0.3058477
HB6C2VM,5.931642
HB8UE93,15.115179
HDC1SOW,12.20168
HEHYAN3,4.503107
HFMBQ2K,4.5779595
HGF3YM1,-0.18733203
HJ0J8A4,2.6319962
HJFNQ4Z,15.296952
HKJAHMJ,11.595016
HN2VQUN,29.035904
HNODGSZ,22.214764
HO8AH09,1.1878633
HOMRBI3,-0.4130249
HOXIMWQ,0.4484598
HOZAVUD,1.7189443
HP6L7CU,0.033714652
HP7G5SI,19.559061
HPDJVKT,15.982111
HPOTGMM,4.117682
HS3ZUIC,0.84144354
HSBI33P,1.112129
HSQJD7X,-0.06638521
HTMSKQH,35.38195
HUOBPRT,23.589603
I08O4A2,1.3480567
I0S99NO,16.666563
I1FLB1X,18.235758
I30EI2M,1.4356741
I5XXEP6,11.878158
I64GJA9,23.933535
I6CB7TV,1.6704369
I6K3TX3,2.2775078
I7EWJKO,0.97078806
I915T3L,10.547301
IBG3UBW,11.171669
IBRH0UK,0.67780805
IBT03YF,1.6784754
IEEF6U2,1.4109507
IERSARJ,22.132147
IGRN0CD,2.0812151
IGYTPRV,37.665485
IL6AXV2,-1.2302452
ILTB4TJ,33.708263
INQ0595,3.2587059
IPJXBNX,0.8469869
IQ6B52M,0.94877744
IRJC07R,36.068512
IROJ9OQ,0.36928433
IS3U4NX,-0.15158468
ISR4UP5,-0.50914335
IUF7U02,27.061981
IZWTRY8,24.090065
J13VWU8,3.609383
J9ZC8KQ,1.1422004
JA5IZI6,-0.40435433
JADS7KZ,1.702677
JDITQLL,34.0282
JDS11FP,36.67875
JERFJPA,37.575806
JGRAFZR,14.879572
JILOBHL,5.938498
JJXZ413,45.585598
JK0JD5Q,0.3931584
JO23YAB,30.56988
JOEY6VD,1.2213081
JONLVA3,40.626583
JOVNCCD,0.13323435
JP7G0TJ,38.788475
JPLEKFP,31.083086
JQIKVQB,1.0755249
JQLQPLT,-0.15299875
JRCABOC,38.89745
JU7L4Z8,2.5436165
JVGSVUU,1.0731466
JWB66T9,2.3445754
JWU18S5,7.353154
JWUNRHJ,0.40034452
JXEEO4C,4.623127
JZGQJ8S,4.5115547
K0N9P1U,2.88936
K0X7GEF,17.231215
K10QAFA,18.511013
K1BHMVT,19.47906
K1GUNP7,2.8011081
K2LRVIV,14.904532
K41CN5K,1.8486995
K6RTCX4,0.035496056
K8W0QKS,32.016678
KAL2K6J,15.888315
KAVI2N7,0.829852
KBFI436,1.8750967
KDW4FH2,0.088912874
KFY6NQP,0.3568965
KH965L6,6.347616
KHA8AKR,29.097914
KHZD78Z,-0.37461203
KIPA1Z1,0.08456728
KL0XRM7,41.73287
KMQIOPL,29.965597
KNTFONZ,4.6449013
KOG35ZD,4.498214
KR4ZVZU,0.66272974
KRILFSB,5.5010476
KT0IR8S,23.284666
KT4DCML,1.4537555
KT4DV8U,0.41873804
KV9S7BO,0.35752743
KYV0YPK,1.1654292
KYWK5FL,5.95864
KZ6HHR7,-0.34631354
KZ9I7G4,24.56702
KZDA0TR,4.4843683
L14R619,-0.11494899
L14TI9W,0.37338042
L296CLJ,1.0373175
L2SH4Z3,0.33698767
L3108JM,25.672106
L3M3MP4,0.95032895
L3RDZF7,40.98768
L5KP644,25.68572
L90MOJU,0.2351551
LABCTSY,2.9885523
LB9DYZX,1.495377
LBJ4V47,13.519542
LCNON4M,5.316913
LE0ZIZO,-1.5054793
LI27M5L,0.6100099
LJ2XPP0,1.0614192
LJX33VY,-0.37254214
LN1CZWZ,29.5252
LNGUZ2C,36.905483
LNLWG10,0.33191574
LNNL1RQ,0.23146757
LOA8BK5,23.809507
LOZM079,22.512598
LR7MT81,22.108799
LRJ3LYZ,0.41056022
LTSRY8L,3.3954427
LU5H6KW,-0.42830074
LVDXGC6,1.6013429
LWVVA1Q,-0.06944752
LXFQZIP,23.224707
LXQNDTB,14.817833
LY89Y4W,0.3897075
LYFZXE7,3.0063212
M0L2YZI,13.586013
M0RK3DS,40.2921
M3G1XV8,4.062808
M4HMED4,1.7248602
M8H3UGM,3.462832
MAGHREI,-0.54162633
MB9HM4N,-0.14675075
MBCPBZ6,2.910191
MCHTPDO,4.997404
MDDALNY,32.607895
MDY5G9V,26.779474
MFN67G9,1.9608507
MHNMH6Z,2.0552382
MIG763X,0.25917512
MJLGMEK,2.6599472
MJO75IU,-0.034929335
MKVHOLH,6.8131847
MM37PJI,14.67754
MMCJPLL,26.786703
MMTJANS,32.31855
MN59YXM,15.966491
MOC9YLU,0.12906122
MOI31TE,36.70729
MQ3XADH,19.493084
MSXTFXP,-0.27034575
MTBC19M,12.857132
MVXMSBI,1.0241306
MX9JAX5,19.718624
MXWBZDB,18.805191
MYKRT2F,1.7010794
MZOQHE1,27.236366
N01GIXS,2.067299
N04RVND,9.051124
N06USYP,22.092278
N2KF0V7,2.1896205
N4NLMES,3.4062474
N7GJMJC,0.1132876
N7HHK3S,11.187242
N7ZUKG2,3.7546349
N9T6VLM,35.766254
NAYJB10,38.713276
ND0JYDB,40.40379
NDL8SYB,8.707856
NGHQY9E,0.0715099
NGPVLJR,1.2899423
NI07H6B,39.308563
NIV1PX6,1.239872
NIZ8E6V,0.61315644
NJBXEA9,33.084515
NJCV4SV,5.3189692
NK25JX7,2.5725968
NK595I5,4.0505033
NKJZ0P2,0.77157676
NLSHK5G,5.949437
NM86P1X,0.979638
NMJ91KT,5.754753
NMOE9MS,16.614714
NMQB7KY,2.6826758
NOGV1OL,0.007409841
NS1NM6I,42.342857
NT4Q0ZN,26.750254
NTE87ZD,19.290276
NU8EA7A,2.5945387
NUJU0CV,0.14647663
NW13DAE,33.15857
NW3L55I,0.2907679
NXU1FAJ,0.43516868
NYODCCH,1.2559211
NYX6H0Y,-0.051643074
NYY0XPX,4.7178006
NZJ061W,1.6209513
O0B0W9W,0.93531454
O2RJ5K0,1.5538453
O44FHVP,3.0692759
O54VQNV,24.023108
O66E2GD,25.096405
O6BUZ4X,0.08842862
O72ZAMH,1.5726237
O8TLCHZ,0.6991489
OAJK6MW,31.037298
OAUV81P,2.527617
OBMXWKQ,21.622494
ODNFJ1I,-0.4213968
OE6CHSJ,13.307488
OFISK6Z,2.313585
OGJCMH5,0.13850397
OHHERMF,10.485244
OHRIL2J,7.187023
OIIQANC,1.2447329
OJF3LBX,0.02730608
OJFDFUL,32.93659
OJV6V0S,17.4966
OK14ZYP,1.5880076
OK549UV,0.29151076
OKR2Z1E,13.653213
ORDQF56,6.216042
OSU9FUF,2.3864522
OTWHFDS,4.751389
OUDIE7M,2.029036
OV0H82B,0.1925359
OWWO3TJ,1.3434582
OY6MMSI,32.982883
P01O5SE,6.1750216
P0AURVR,2.9450316
P0PNAP5,38.042973
P0YRLF8,38.273876
P101U1Y,9.774962
P12LTXP,1.6085645
P50W51Q,40.651066
P5DRBT5,27.63806
P6FYCS3,0.70710504
P9TF6H0,22.321428
PBNG5I2,3.5810807
PC3PTM2,-0.27640468
PCGXFAT,38.016674
PFZJUDY,2.2391305
PG0TUFO,3.0360405
PG8VHKY,-0.577332
PGYPB96,0.49213034
PM9ZGVN,0.42146307
PMPI904,10.120388
PN2QXU4,-0.3261143
PN5AEJR,2.6762605
PNJ2S96,1.2287029
PPH0474,16.698116
PPOUS3C,18.996695
PQOZQ9W,6.618506
PR60JLQ,8.213165
PUR3YEG,1.6069372
PUT5QUT,33.881214
PUWWXS3,3.375419
PUYBLCL,6.8590994
PV7EBPS,3.4489443
PVXKA3W,0.6063746
PWC55BT,40.704296
PWQR8P5,46.93079
PWS7UD9,0.015351981
PX46FE3,0.8692827
PXXEFA4,36.944508
PZUN8NP,0.8609092
Q1HNN28,3.9386852
Q1PCL13,0.29851902
Q2JRIJN,35.984875
Q5CFP2T,-0.021779358
Q6143KU,2.8445866
Q6U5I4N,0.08334562
Q8BIIZU,0.15522224
QAMMRSD,30.95586
QAVLQCN,2.129003
QB85T37,-0.026105404
QBSVYYD,2.2145069
QC4RN0Z,22.644693
QCIILW3,37.08472
QD2GE6I,4.9086666
QDAV94C,0.7129338
QDDDZYT,2.3764572
QDPYL2U,0.79179525
QFG60LS,1.4944637
QGCAKZ6,31.947683
QH706K1,27.092943
QJWTY2B,5.067358
QL9SLDS,2.0698323
QLFK8BS,1.3343346
QN3PKLF,33.090908
QOEBOR8,31.16449
QRT7KJF,5.7665796
QYE25PI,26.314425
R0XEUCT,0.15798807
R3H5L23,38.62087
R48DF2L,2.4238038
R5927WW,-0.05624616
R6LT29V,0.4532578
R8YU11R,3.7319229
R979NJ6,0.631855
RBAQOFV,0.7982122
RBHGOKY,1.2410033
RCQGWY3,3.1691983
RDG6JOX,27.576323
RE3QZSQ,11.687157
RG750W1,26.34399
RHK3W5P,25.61502
RHTASON,5.054024
RIA9L1X,-0.010928631
RIWAT3Q,5.7245746
RJN1OGL,3.3446357
RKRR2HK,27.229692
RKX72I7,1.6333495
RQ18H79,5.896628
RQ1U4BU,3.1542432
RQID34P,1.1064872
RS6CKPN,0.41792378
RV6TP2Y,4.2995563
RWWNTNS,30.593353
RX0JEQP,22.269726
RX6KMNP,-0.13101113
RXPYHF3,2.4894643
RYFH3P3,21.771059
S0Y29Q5,0.81336296
S2L6QF0,0.72219074
S2Y87VX,32.99607
S4ZYSZU,25.551167
S99UBPA,2.6267145
SBR1I5B,12.178882
SBYNJPC,29.170532
SCLUFL4,42.297153
SCMB4HS,10.424541
SDHV2E2,3.6359835
SDLC84L,-0.61213243
SFW9WE4,39.059963
SHKI70P,0.3503918
SHVSINU,14.791829
SISXQO1,3.9790547
SK239FE,0.3297753
SLWT623,11.62921
SOWKV4B,3.0943246
SQY1S3T,0.29650247
SRML5XX,29.340158
SSEAUO8,13.595871
ST21GGG,3.7198353
STSE3UQ,1.6797866
SUO3D2H,26.094894
SWFDSHK,5.3890295
SWKZV33,-0.086454034
SXSHSV4,46.927
SYOY7YP,16.512959
SZYVVAJ,2.6007755
T16HRPB,39.465286
T3FQ1IO,0.23827124
T550RFY,27.221426
T6GPZ9H,-1.2013786
T76P2C4,6.522802
T87F8W7,0.50506043
T91IVRT,3.59297
T9DMXO7,2.6724691
TA0D4P0,0.1551289
TA8ZG38,28.096802
TAHVMK0,1.763638
TB7TL8P,0.43228453
TCUK28W,33.341213
TD4M9IK,11.554553
TDAXQX1,2.255889
TE59SSX,-0.18496531
TGOMFD8,5.6178513
TH952D6,0.80106163
TI0U4IY,33.770157
TJ40R7Z,31.22451
TKML29Z,-0.16425937
TKY534E,1.7815969
TLBPRJT,-0.051356196
TLRP1RN,4.11048
TM2BCK1,37.39153
TNDL3KQ,28.403233
TOC5EQQ,0.5612724
TOM8OZI,0.91312134
TORWZ2S,7.9382386
TPQ42FD,2.9002104
TQK8SE6,3.5817544
TS6ARCC,5.7245536
TSIHOGS,18.201591
TSSOEEC,1.761958
TV0NYBT,39.695118
TVCIMNO,0.44402224
U26ISD7,0.056841075
U3KWRHP,14.5550165
U7CE78T,24.912428
U7OFXYN,28.87729
UCERMV9,3.095724
UDRXCVI,-0.36089307
UDVPP7H,40.870373
UDVQQGH,2.7561696
UEMFQN8,37.45558
UEPBGEN,15.683664
UFQYCD6,35.439285
UG4033A,3.2632406
UGBKXR4,0.4353995
UHH0JMJ,26.354723
UII41SH,1.0294001
UJHDJHG,41.833614
UJUYOLI,-0.17585272
UKFHU8P,18.864355
ULKCFXQ,0.16958746
UMXNA7S,4.702371
UNXLCFA,0.15256354
UOTYB4Z,1.4783864
UPLYPDZ,27.374578
URDFM9C,0.46123773
UUYQ8U8,-0.005838752
UWC9O6R,0.26662114
V17SWCB,7.274146
V4AG3BZ,39.154705
V4TGYUD,2.10787
V55FAD9,-0.17628568
V6J7H8M,2.8571246
V6KT9YF,1.0426838
V72HTL3,1.9581506
V7M38SK,2.2843513
V82OVOR,2.1590924
V8CR93T,2.0797849
V8JIS8T,-0.052726686
V9AFHQD,18.06457
VA2T7KX,-0.8432567
VBABIFF,5.446916
VCGV5PO,0.11232251
VCOS60V,16.619625
VGIYTG8,3.4064167
VIYJ2S1,17.559317
VJ4J06X,38.097492
VKEJEZ4,6.172827
VKLQ39V,-0.22466236
VLTLL4G,5.924117
VLYY49A,-0.5498433
VQUNXHA,0.8506571
VSI7BPX,25.67218
VSNMUB5,17.32728
VTI2CHZ,24.58065
VTYXS93,8.981562
VUBGIAF,0.5995353
VUO6R2Z,0.8295785
VWCFGYF,2.9344127
VXNG30P,29.231335
VYMVWT9,13.224047
VYNVAPY,33.920006
VYWR87L,8.01379
VZEPXPG,20.060093
VZICCTI,4.08854
W0CNP79,1.1955845
W2Z6J2Z,33.414486
W5T6T2N,27.760263
W6VEMPQ,24.16668
W7R3LVZ,0.05339679
W9AWQ4O,-0.37578118
W9YLEKZ,2.4597664
WBPJA6G,1.3115937
WBVEPDT,0.22619954
WG31KFR,6.903231
WG7DVB6,40.356777
WGWWSS0,22.514057
WJHOBLB,26.118902
WL27YXX,5.0686865
WN4C63S,3.0572443
WQ4CH8P,0.16329718
WQ4YJXP,3.1117916
WUSOYJK,0.26277703
WV0SZOG,0.047632337
X11R9DJ,9.802179
X2FJEJ4,26.889893
X55EOMC,1.6134018
X73JLGE,0.6016607
X7K5LU8,1.597938
X9G3F3Z,23.761913
XA2NBUP,19.354982
XAZ35LW,-0.24311239
XC8ETQL,25.676163
XDHC6GG,38.72334
XHQI8KL,40.795444
XIIGZTS,40.364193
XJRGZRJ,1.1804099
XM7IJ8L,-0.05803621
XT6TNAN,37.10392
XT7CRZU,2.3903685
XU5DGS2,4.267998
XU9XIXF,14.186369
XVZ2RIL,3.902551
XW1490D,26.031422
Y1119PM,0.32666075
Y1M2G3O,0.4708392
Y2V57FE,16.620903
Y3AKS6U,-0.49074304
Y3W7VYK,0.09889382
Y4VZQZF,3.7532523
Y5EMJGV,3.25852
Y7G7PMW,4.526647
Y80ASGS,30.193134
Y8LZQKT,-0.87972414
Y8Y08IC,2.220813
Y9EHU0R,40.12135
YAKYSNG,2.1105723
YCMP3TK,0.7838751
YDL00PC,0.8743217
YE0GB1U,15.742995
YEZMCKP,0.24120978
YF7VZYM,10.409603
YFO7J6P,0.0778065
YHX5E97,39.579506
YJ5CIHU,2.907847
YJFF28O,24.206715
YJLAFIK,9.639263
YJTJ3L0,13.812935
YLM1PNU,34.226997
YMPLAGW,42.829357
YN8E8G6,3.1464276
YNH3CWY,0.6732517
YO2YZY4,38.40037
YORBIHJ,31.37143
YQ3FRP1,31.074722
YQU7L9F,0.8609278
YV20EMP,31.892752
YV2IUYV,11.104265
YXAANFN,-0.8229028
YXK58V3,22.340673
YXLBNNQ,0.1385509
YXLY3B3,-0.69149506
YZ5ZC6D,33.124504
YZ8PFXZ,0.36494976
Z1A2M3S,0.8261195
Z37PQTQ,2.039554
Z51GAXD,-0.39899927
Z6JMNCM,11.230356
Z792KK0,30.234854
Z9C6CFV,29.190113
ZAOFFCZ,17.193008
ZCIA93Q,37.21519
ZDJMCKC,39.381424
ZFB9S4P,4.5886025
ZFM74S5,6.4654365
ZH2B8CW,5.4537554
ZHXKN8M,29.162083
ZHY9YK1,14.205252
ZLVOYMA,35.26537
ZM60DUE,0.45111567
ZMIUDEL,30.076357
ZMNMD3T,40.40197
ZNEIOE5,23.593576
ZNKN081,7.4501915
ZO1LB7F,4.1234636
ZPENM3F,0.77253664
ZPMPL47,2.5837162
ZQFMQVU,29.04726
ZRAHMG2,0.18183836
ZS0Z900,38.850372
ZSNE8SY,4.1358533
ZUX503E,2.0382664
ZV3KA4K,15.003872
ZV99Z7P,1.8840313
ZVO9F7A,4.1667075
ZVVA1LV,1.6982435
ZXHN2A8,2.169846
